identity_type_id,identity_value,identity_type_dsc,last_updated_date
446,identity_value_5118,identity_type_dsc_6477,2026-11-12 23:02:00
107,identity_value_1859,identity_type_dsc_9804,2026-04-01 14:50:00
30,identity_value_8947,identity_type_dsc_9436,2026-03-01 11:57:00
241,identity_value_8287,identity_type_dsc_6340,2026-08-03 15:47:00
694,identity_value_6336,identity_type_dsc_4769,2026-02-26 19:14:00
101,identity_value_4884,identity_type_dsc_7759,2026-04-13 21:57:00
226,identity_value_2204,identity_type_dsc_8716,2026-10-28 00:03:00
912,identity_value_8141,identity_type_dsc_3374,2026-04-22 04:29:00
183,identity_value_7346,identity_type_dsc_7119,2026-03-11 23:46:00
199,identity_value_6875,identity_type_dsc_5418,2026-04-14 19:08:00
33,identity_value_1977,identity_type_dsc_5597,2026-03-11 12:54:00
477,identity_value_8513,identity_type_dsc_7852,2026-03-29 19:14:00
908,identity_value_5835,identity_type_dsc_3568,2026-11-24 04:57:00
175,identity_value_4763,identity_type_dsc_2416,2026-07-31 01:31:00
883,identity_value_4546,identity_type_dsc_8757,2026-08-25 17:00:00
748,identity_value_8014,identity_type_dsc_5041,2026-05-07 19:27:00
594,identity_value_4643,identity_type_dsc_3440,2026-10-21 09:26:00
46,identity_value_1656,identity_type_dsc_8711,2026-09-16 10:27:00
544,identity_value_7460,identity_type_dsc_8852,2026-12-23 12:28:00
508,identity_value_4940,identity_type_dsc_2361,2026-10-13 09:44:00
750,identity_value_7662,identity_type_dsc_4571,2026-03-09 20:18:00
245,identity_value_2486,identity_type_dsc_1260,2026-09-04 06:19:00
166,identity_value_8524,identity_type_dsc_1399,2026-08-21 23:49:00
142,identity_value_7641,identity_type_dsc_4030,2026-07-10 05:29:00
721,identity_value_1022,identity_type_dsc_2158,2026-07-18 07:21:00
544,identity_value_1535,identity_type_dsc_5859,2026-08-07 17:44:00
969,identity_value_9887,identity_type_dsc_4393,2026-12-17 11:39:00
902,identity_value_6500,identity_type_dsc_1898,2026-09-22 06:23:00
910,identity_value_1844,identity_type_dsc_2818,2026-07-16 20:29:00
634,identity_value_1669,identity_type_dsc_6989,2026-07-07 14:41:00
573,identity_value_2097,identity_type_dsc_4354,2026-03-12 19:15:00
553,identity_value_2860,identity_type_dsc_8839,2026-10-26 07:13:00
772,identity_value_4693,identity_type_dsc_6250,2026-06-30 17:32:00
697,identity_value_7929,identity_type_dsc_5540,2026-01-28 11:23:00
354,identity_value_8412,identity_type_dsc_8966,2026-09-15 01:53:00
126,identity_value_8703,identity_type_dsc_9714,2026-12-15 02:57:00
300,identity_value_8405,identity_type_dsc_7031,2026-12-12 07:51:00
964,identity_value_2075,identity_type_dsc_4085,2026-08-23 11:05:00
401,identity_value_3929,identity_type_dsc_5724,2026-02-09 12:10:00
283,identity_value_2835,identity_type_dsc_3424,2026-09-12 13:55:00
210,identity_value_9530,identity_type_dsc_1371,2026-05-31 22:43:00
555,identity_value_3163,identity_type_dsc_8764,2026-06-27 22:28:00
756,identity_value_1351,identity_type_dsc_5776,2026-04-07 11:01:00
893,identity_value_4806,identity_type_dsc_9513,2026-11-27 19:26:00
593,identity_value_6616,identity_type_dsc_6346,2026-09-07 03:42:00
714,identity_value_9686,identity_type_dsc_9986,2026-08-16 23:19:00
581,identity_value_3161,identity_type_dsc_6021,2026-03-29 17:14:00
496,identity_value_7093,identity_type_dsc_5720,2026-01-25 13:22:00
292,identity_value_8469,identity_type_dsc_3725,2026-11-13 14:45:00
549,identity_value_5673,identity_type_dsc_3986,2026-04-01 07:44:00
927,identity_value_3514,identity_type_dsc_3641,2026-05-02 12:02:00
325,identity_value_3072,identity_type_dsc_8223,2026-05-14 20:11:00
211,identity_value_1568,identity_type_dsc_6192,2026-06-26 13:23:00
460,identity_value_9845,identity_type_dsc_3663,2026-10-01 18:07:00
943,identity_value_1408,identity_type_dsc_7628,2026-09-13 13:29:00
951,identity_value_6246,identity_type_dsc_3556,2026-01-04 08:34:00
1000,identity_value_9313,identity_type_dsc_6427,2026-11-29 07:18:00
486,identity_value_5748,identity_type_dsc_3409,2026-10-18 08:58:00
945,identity_value_8243,identity_type_dsc_6549,2026-12-19 12:46:00
491,identity_value_1656,identity_type_dsc_3284,2026-12-15 02:07:00
316,identity_value_1406,identity_type_dsc_7580,2026-11-13 16:28:00
366,identity_value_2515,identity_type_dsc_6347,2026-01-30 04:41:00
200,identity_value_9625,identity_type_dsc_4639,2026-05-23 15:01:00
86,identity_value_9821,identity_type_dsc_8298,2026-12-14 06:05:00
1000,identity_value_9385,identity_type_dsc_7462,2026-04-11 00:20:00
618,identity_value_9381,identity_type_dsc_1918,2026-12-08 20:25:00
152,identity_value_8006,identity_type_dsc_7056,2026-07-17 20:00:00
292,identity_value_6651,identity_type_dsc_6756,2026-06-07 23:55:00
575,identity_value_2435,identity_type_dsc_4533,2026-08-17 08:26:00
823,identity_value_8249,identity_type_dsc_5728,2026-03-26 08:57:00
435,identity_value_7786,identity_type_dsc_3286,2026-10-29 04:05:00
148,identity_value_4404,identity_type_dsc_5968,2026-09-02 01:21:00
68,identity_value_7156,identity_type_dsc_2449,2026-01-04 22:40:00
937,identity_value_5478,identity_type_dsc_7791,2026-04-01 02:29:00
728,identity_value_3243,identity_type_dsc_4264,2026-04-06 21:18:00
568,identity_value_9037,identity_type_dsc_1691,2026-06-05 03:19:00
506,identity_value_8593,identity_type_dsc_4678,2026-01-14 09:09:00
269,identity_value_5917,identity_type_dsc_8742,2026-03-06 05:42:00
915,identity_value_5713,identity_type_dsc_7834,2026-04-03 00:58:00
705,identity_value_5009,identity_type_dsc_1466,2026-03-03 17:31:00
994,identity_value_2093,identity_type_dsc_6927,2026-10-26 00:36:00
447,identity_value_5225,identity_type_dsc_8799,2026-12-22 12:23:00
525,identity_value_1287,identity_type_dsc_5252,2026-03-26 03:03:00
150,identity_value_6237,identity_type_dsc_8553,2026-12-21 13:22:00
168,identity_value_1866,identity_type_dsc_5467,2026-07-04 22:40:00
934,identity_value_6832,identity_type_dsc_1798,2026-05-29 18:33:00
655,identity_value_2258,identity_type_dsc_9419,2026-04-11 05:11:00
784,identity_value_2548,identity_type_dsc_3738,2026-10-06 19:55:00
324,identity_value_5932,identity_type_dsc_5447,2026-12-18 07:44:00
372,identity_value_2570,identity_type_dsc_9755,2026-10-24 20:52:00
148,identity_value_1211,identity_type_dsc_3243,2026-09-23 18:23:00
798,identity_value_8944,identity_type_dsc_7750,2026-06-24 14:06:00
224,identity_value_3532,identity_type_dsc_9247,2026-04-24 15:50:00
919,identity_value_9612,identity_type_dsc_9717,2027-01-01 02:44:00
775,identity_value_2867,identity_type_dsc_7837,2026-08-24 11:07:00
839,identity_value_3150,identity_type_dsc_1284,2026-09-03 20:19:00
708,identity_value_6940,identity_type_dsc_3277,2026-08-16 04:33:00
782,identity_value_6604,identity_type_dsc_3821,2026-12-30 18:01:00
763,identity_value_2943,identity_type_dsc_4643,2026-03-08 07:09:00
705,identity_value_4712,identity_type_dsc_6036,2026-03-06 15:08:00
