additional_detail_id,user_id,secondary_email_1,secondary_email_2,secondary_phone_1,secondary_phone_2
447,user_id_4998,secondary_email_1_4721,secondary_email_2_3905,secondary_phone_1_4388,secondary_phone_2_9218
625,user_id_7313,secondary_email_1_4339,secondary_email_2_4514,secondary_phone_1_8924,secondary_phone_2_7676
922,user_id_2364,secondary_email_1_9284,secondary_email_2_6508,secondary_phone_1_2868,secondary_phone_2_9885
935,user_id_7594,secondary_email_1_3900,secondary_email_2_7515,secondary_phone_1_8452,secondary_phone_2_2716
254,user_id_8111,secondary_email_1_5992,secondary_email_2_2780,secondary_phone_1_1013,secondary_phone_2_2218
195,user_id_3540,secondary_email_1_9287,secondary_email_2_3569,secondary_phone_1_4295,secondary_phone_2_4696
735,user_id_3496,secondary_email_1_2624,secondary_email_2_9856,secondary_phone_1_9324,secondary_phone_2_4666
358,user_id_4061,secondary_email_1_8554,secondary_email_2_2037,secondary_phone_1_9656,secondary_phone_2_8813
334,user_id_1324,secondary_email_1_7652,secondary_email_2_8901,secondary_phone_1_9077,secondary_phone_2_7318
98,user_id_1711,secondary_email_1_7922,secondary_email_2_7065,secondary_phone_1_3736,secondary_phone_2_1102
651,user_id_9818,secondary_email_1_9563,secondary_email_2_2645,secondary_phone_1_5364,secondary_phone_2_5052
789,user_id_2229,secondary_email_1_3087,secondary_email_2_8652,secondary_phone_1_8284,secondary_phone_2_7713
120,user_id_8547,secondary_email_1_9243,secondary_email_2_2813,secondary_phone_1_6772,secondary_phone_2_7864
594,user_id_9736,secondary_email_1_5046,secondary_email_2_9864,secondary_phone_1_5897,secondary_phone_2_6733
677,user_id_9150,secondary_email_1_3919,secondary_email_2_1272,secondary_phone_1_3468,secondary_phone_2_7402
386,user_id_7039,secondary_email_1_7541,secondary_email_2_9746,secondary_phone_1_7299,secondary_phone_2_3798
627,user_id_6798,secondary_email_1_2543,secondary_email_2_3266,secondary_phone_1_6303,secondary_phone_2_8343
210,user_id_6047,secondary_email_1_9310,secondary_email_2_3662,secondary_phone_1_6626,secondary_phone_2_6343
229,user_id_5470,secondary_email_1_8129,secondary_email_2_1147,secondary_phone_1_8280,secondary_phone_2_5880
908,user_id_3236,secondary_email_1_1368,secondary_email_2_8291,secondary_phone_1_5392,secondary_phone_2_8785
147,user_id_7750,secondary_email_1_7931,secondary_email_2_5989,secondary_phone_1_2031,secondary_phone_2_8174
588,user_id_7493,secondary_email_1_8936,secondary_email_2_1353,secondary_phone_1_1063,secondary_phone_2_8492
315,user_id_9159,secondary_email_1_5176,secondary_email_2_6766,secondary_phone_1_5656,secondary_phone_2_7645
283,user_id_2233,secondary_email_1_9340,secondary_email_2_4170,secondary_phone_1_9258,secondary_phone_2_5952
116,user_id_7733,secondary_email_1_8570,secondary_email_2_4973,secondary_phone_1_5734,secondary_phone_2_8509
532,user_id_6625,secondary_email_1_4379,secondary_email_2_7531,secondary_phone_1_9788,secondary_phone_2_9736
110,user_id_7239,secondary_email_1_5799,secondary_email_2_9744,secondary_phone_1_1458,secondary_phone_2_5345
297,user_id_6177,secondary_email_1_1161,secondary_email_2_3730,secondary_phone_1_9433,secondary_phone_2_7463
897,user_id_1162,secondary_email_1_6352,secondary_email_2_3800,secondary_phone_1_2937,secondary_phone_2_1514
168,user_id_7528,secondary_email_1_3286,secondary_email_2_8515,secondary_phone_1_1640,secondary_phone_2_7499
410,user_id_5749,secondary_email_1_2002,secondary_email_2_1296,secondary_phone_1_9918,secondary_phone_2_3935
278,user_id_9759,secondary_email_1_5139,secondary_email_2_6874,secondary_phone_1_9521,secondary_phone_2_2710
789,user_id_4628,secondary_email_1_1008,secondary_email_2_9841,secondary_phone_1_4112,secondary_phone_2_1674
338,user_id_8904,secondary_email_1_5999,secondary_email_2_9861,secondary_phone_1_4882,secondary_phone_2_8761
269,user_id_2736,secondary_email_1_6695,secondary_email_2_7815,secondary_phone_1_4875,secondary_phone_2_1238
153,user_id_8324,secondary_email_1_7071,secondary_email_2_1208,secondary_phone_1_1774,secondary_phone_2_1010
218,user_id_1752,secondary_email_1_6651,secondary_email_2_7395,secondary_phone_1_7607,secondary_phone_2_2668
607,user_id_6830,secondary_email_1_4330,secondary_email_2_1283,secondary_phone_1_6856,secondary_phone_2_7347
300,user_id_2590,secondary_email_1_5277,secondary_email_2_4138,secondary_phone_1_8180,secondary_phone_2_9869
681,user_id_5820,secondary_email_1_8077,secondary_email_2_8353,secondary_phone_1_1848,secondary_phone_2_9235
780,user_id_8861,secondary_email_1_1319,secondary_email_2_2938,secondary_phone_1_9696,secondary_phone_2_8734
166,user_id_7790,secondary_email_1_1572,secondary_email_2_1511,secondary_phone_1_2851,secondary_phone_2_4343
438,user_id_7100,secondary_email_1_3013,secondary_email_2_1779,secondary_phone_1_4783,secondary_phone_2_5446
941,user_id_5843,secondary_email_1_5964,secondary_email_2_5129,secondary_phone_1_3154,secondary_phone_2_1708
403,user_id_8929,secondary_email_1_5493,secondary_email_2_6618,secondary_phone_1_7913,secondary_phone_2_7567
839,user_id_7131,secondary_email_1_3700,secondary_email_2_5929,secondary_phone_1_1632,secondary_phone_2_7190
146,user_id_3065,secondary_email_1_2914,secondary_email_2_6301,secondary_phone_1_6639,secondary_phone_2_8146
894,user_id_8826,secondary_email_1_3243,secondary_email_2_6167,secondary_phone_1_7970,secondary_phone_2_3920
189,user_id_3962,secondary_email_1_3046,secondary_email_2_1129,secondary_phone_1_6435,secondary_phone_2_4865
221,user_id_5831,secondary_email_1_8202,secondary_email_2_1481,secondary_phone_1_5237,secondary_phone_2_9174
315,user_id_8870,secondary_email_1_7370,secondary_email_2_5973,secondary_phone_1_9866,secondary_phone_2_5727
702,user_id_6335,secondary_email_1_7100,secondary_email_2_4650,secondary_phone_1_8161,secondary_phone_2_6345
175,user_id_2579,secondary_email_1_4797,secondary_email_2_9755,secondary_phone_1_4690,secondary_phone_2_6120
7,user_id_9013,secondary_email_1_2340,secondary_email_2_3247,secondary_phone_1_5709,secondary_phone_2_6456
747,user_id_6696,secondary_email_1_4574,secondary_email_2_2665,secondary_phone_1_3723,secondary_phone_2_1923
4,user_id_5081,secondary_email_1_7461,secondary_email_2_3092,secondary_phone_1_4028,secondary_phone_2_2497
953,user_id_2113,secondary_email_1_8738,secondary_email_2_4880,secondary_phone_1_3345,secondary_phone_2_8590
507,user_id_3573,secondary_email_1_7973,secondary_email_2_5435,secondary_phone_1_9782,secondary_phone_2_9938
750,user_id_5036,secondary_email_1_6677,secondary_email_2_6259,secondary_phone_1_6263,secondary_phone_2_6320
176,user_id_3964,secondary_email_1_6001,secondary_email_2_3790,secondary_phone_1_6673,secondary_phone_2_3292
730,user_id_6122,secondary_email_1_2661,secondary_email_2_7653,secondary_phone_1_2894,secondary_phone_2_9230
336,user_id_9015,secondary_email_1_7033,secondary_email_2_2376,secondary_phone_1_8350,secondary_phone_2_2090
57,user_id_6504,secondary_email_1_1855,secondary_email_2_9668,secondary_phone_1_1772,secondary_phone_2_6951
316,user_id_2519,secondary_email_1_5232,secondary_email_2_8343,secondary_phone_1_8440,secondary_phone_2_6034
276,user_id_8726,secondary_email_1_4773,secondary_email_2_6998,secondary_phone_1_4519,secondary_phone_2_6842
791,user_id_3312,secondary_email_1_5875,secondary_email_2_8182,secondary_phone_1_9665,secondary_phone_2_5846
115,user_id_8557,secondary_email_1_2951,secondary_email_2_6839,secondary_phone_1_5919,secondary_phone_2_8527
205,user_id_5259,secondary_email_1_5741,secondary_email_2_4328,secondary_phone_1_1600,secondary_phone_2_6461
237,user_id_9000,secondary_email_1_9364,secondary_email_2_9754,secondary_phone_1_1496,secondary_phone_2_4641
200,user_id_3044,secondary_email_1_9681,secondary_email_2_4567,secondary_phone_1_7902,secondary_phone_2_2362
895,user_id_2124,secondary_email_1_4293,secondary_email_2_4926,secondary_phone_1_9538,secondary_phone_2_3985
438,user_id_1613,secondary_email_1_9404,secondary_email_2_8773,secondary_phone_1_9290,secondary_phone_2_9764
911,user_id_3868,secondary_email_1_2119,secondary_email_2_6777,secondary_phone_1_3852,secondary_phone_2_8862
557,user_id_8785,secondary_email_1_4216,secondary_email_2_1157,secondary_phone_1_5673,secondary_phone_2_8123
189,user_id_6176,secondary_email_1_2025,secondary_email_2_6135,secondary_phone_1_3974,secondary_phone_2_3002
456,user_id_6009,secondary_email_1_7694,secondary_email_2_6352,secondary_phone_1_4484,secondary_phone_2_6364
747,user_id_4709,secondary_email_1_8907,secondary_email_2_9386,secondary_phone_1_1819,secondary_phone_2_2663
525,user_id_2759,secondary_email_1_6836,secondary_email_2_7960,secondary_phone_1_8837,secondary_phone_2_4080
300,user_id_5574,secondary_email_1_7250,secondary_email_2_9135,secondary_phone_1_2435,secondary_phone_2_8851
454,user_id_7207,secondary_email_1_3663,secondary_email_2_7512,secondary_phone_1_2069,secondary_phone_2_6085
230,user_id_4439,secondary_email_1_7488,secondary_email_2_3237,secondary_phone_1_5209,secondary_phone_2_7161
645,user_id_8045,secondary_email_1_5292,secondary_email_2_6594,secondary_phone_1_1862,secondary_phone_2_1475
707,user_id_1605,secondary_email_1_2837,secondary_email_2_1790,secondary_phone_1_9720,secondary_phone_2_6575
492,user_id_4733,secondary_email_1_1277,secondary_email_2_9704,secondary_phone_1_4833,secondary_phone_2_6576
168,user_id_2559,secondary_email_1_2392,secondary_email_2_9852,secondary_phone_1_7710,secondary_phone_2_9553
298,user_id_5710,secondary_email_1_3788,secondary_email_2_5830,secondary_phone_1_7387,secondary_phone_2_5537
754,user_id_9431,secondary_email_1_9465,secondary_email_2_5874,secondary_phone_1_8500,secondary_phone_2_7073
449,user_id_3796,secondary_email_1_7077,secondary_email_2_9032,secondary_phone_1_6383,secondary_phone_2_6710
773,user_id_9518,secondary_email_1_3071,secondary_email_2_9492,secondary_phone_1_2821,secondary_phone_2_1841
184,user_id_3350,secondary_email_1_2170,secondary_email_2_8227,secondary_phone_1_8581,secondary_phone_2_9827
624,user_id_2212,secondary_email_1_3255,secondary_email_2_5902,secondary_phone_1_9664,secondary_phone_2_9854
193,user_id_8403,secondary_email_1_2342,secondary_email_2_8571,secondary_phone_1_1235,secondary_phone_2_6376
769,user_id_9669,secondary_email_1_5902,secondary_email_2_5303,secondary_phone_1_6385,secondary_phone_2_2620
809,user_id_5356,secondary_email_1_4376,secondary_email_2_7970,secondary_phone_1_9132,secondary_phone_2_3619
536,user_id_7409,secondary_email_1_9574,secondary_email_2_2717,secondary_phone_1_2359,secondary_phone_2_3985
744,user_id_4565,secondary_email_1_1486,secondary_email_2_4439,secondary_phone_1_9653,secondary_phone_2_9237
350,user_id_8117,secondary_email_1_9787,secondary_email_2_2869,secondary_phone_1_2342,secondary_phone_2_5026
625,user_id_9055,secondary_email_1_9827,secondary_email_2_2307,secondary_phone_1_5507,secondary_phone_2_6514
591,user_id_1186,secondary_email_1_1371,secondary_email_2_3734,secondary_phone_1_2726,secondary_phone_2_8295
480,user_id_1769,secondary_email_1_7068,secondary_email_2_6171,secondary_phone_1_3421,secondary_phone_2_7966
