user_status_id,user_status,user_status_desc,last_update_date
852,user_status_3694,user_status_desc_7366,2026-12-26 18:22:00
769,user_status_7643,user_status_desc_4360,2026-04-09 04:06:00
472,user_status_3272,user_status_desc_5924,2026-01-06 15:25:00
841,user_status_5296,user_status_desc_9284,2026-12-07 11:42:00
113,user_status_3974,user_status_desc_7776,2026-12-26 21:45:00
300,user_status_8539,user_status_desc_2448,2026-11-14 22:28:00
689,user_status_1419,user_status_desc_7745,2026-12-17 02:14:00
224,user_status_6384,user_status_desc_4615,2026-11-04 12:02:00
108,user_status_7383,user_status_desc_2760,2026-03-28 20:50:00
792,user_status_1451,user_status_desc_2861,2026-07-26 07:15:00
582,user_status_5458,user_status_desc_1555,2026-02-11 15:14:00
238,user_status_5459,user_status_desc_5454,2026-04-22 00:58:00
682,user_status_7869,user_status_desc_8897,2026-12-03 15:43:00
281,user_status_9740,user_status_desc_2644,2026-05-25 10:52:00
577,user_status_9937,user_status_desc_5346,2026-02-16 08:03:00
978,user_status_2165,user_status_desc_8113,2026-09-11 04:13:00
39,user_status_2210,user_status_desc_5113,2026-10-06 11:06:00
411,user_status_1170,user_status_desc_5635,2026-10-25 05:45:00
605,user_status_2360,user_status_desc_1408,2026-01-25 18:41:00
921,user_status_3646,user_status_desc_1633,2026-03-20 01:35:00
851,user_status_7835,user_status_desc_7832,2026-03-02 21:58:00
558,user_status_1540,user_status_desc_2185,2026-11-15 04:02:00
253,user_status_5783,user_status_desc_3365,2026-03-04 15:16:00
514,user_status_6392,user_status_desc_5953,2026-10-11 17:56:00
160,user_status_1981,user_status_desc_4432,2026-06-13 15:04:00
436,user_status_2005,user_status_desc_8832,2026-10-18 06:06:00
498,user_status_2633,user_status_desc_4365,2026-10-06 21:03:00
82,user_status_6307,user_status_desc_8873,2026-02-21 07:56:00
89,user_status_9118,user_status_desc_2900,2026-04-15 13:50:00
723,user_status_2601,user_status_desc_6069,2026-01-09 13:19:00
928,user_status_8601,user_status_desc_1070,2026-03-25 01:35:00
823,user_status_2446,user_status_desc_5740,2026-02-17 12:08:00
861,user_status_9742,user_status_desc_8526,2026-11-20 18:20:00
140,user_status_8939,user_status_desc_2230,2026-11-08 15:27:00
488,user_status_9357,user_status_desc_7037,2026-09-09 21:18:00
881,user_status_8023,user_status_desc_4072,2026-11-06 11:15:00
568,user_status_2305,user_status_desc_1614,2026-11-24 00:19:00
630,user_status_2821,user_status_desc_7208,2026-03-05 03:18:00
174,user_status_5087,user_status_desc_3486,2026-03-02 20:18:00
899,user_status_1784,user_status_desc_2247,2026-12-30 16:05:00
943,user_status_6497,user_status_desc_4568,2026-06-19 10:26:00
612,user_status_8099,user_status_desc_4039,2026-07-18 11:26:00
562,user_status_5149,user_status_desc_6642,2026-06-22 14:20:00
180,user_status_9140,user_status_desc_6109,2026-02-08 09:08:00
649,user_status_6952,user_status_desc_5636,2026-09-08 08:51:00
67,user_status_8643,user_status_desc_9893,2026-11-03 07:39:00
283,user_status_9529,user_status_desc_9613,2026-07-03 22:24:00
620,user_status_5625,user_status_desc_9301,2026-10-20 04:14:00
60,user_status_1501,user_status_desc_7049,2026-02-25 03:40:00
718,user_status_6582,user_status_desc_8089,2026-08-20 20:42:00
940,user_status_7584,user_status_desc_4411,2026-07-07 20:49:00
517,user_status_5853,user_status_desc_3386,2026-04-05 23:40:00
742,user_status_2415,user_status_desc_8465,2026-03-21 21:25:00
137,user_status_6924,user_status_desc_7637,2026-07-07 09:16:00
392,user_status_1130,user_status_desc_8805,2026-01-13 06:02:00
85,user_status_5817,user_status_desc_5496,2026-02-26 16:00:00
839,user_status_7194,user_status_desc_9343,2026-11-28 22:55:00
185,user_status_5270,user_status_desc_1663,2026-12-26 01:28:00
797,user_status_2681,user_status_desc_1084,2026-01-03 05:52:00
422,user_status_7703,user_status_desc_9871,2026-11-03 10:43:00
279,user_status_2643,user_status_desc_8960,2026-03-12 02:09:00
8,user_status_8728,user_status_desc_7678,2026-03-28 15:32:00
738,user_status_2823,user_status_desc_2994,2026-06-30 06:10:00
144,user_status_4757,user_status_desc_3340,2026-10-10 13:11:00
180,user_status_3539,user_status_desc_5651,2026-01-08 02:17:00
483,user_status_6353,user_status_desc_3548,2026-09-27 15:22:00
621,user_status_5868,user_status_desc_1523,2026-01-01 17:05:00
40,user_status_5390,user_status_desc_8411,2026-11-06 12:14:00
382,user_status_2667,user_status_desc_2891,2026-05-07 20:42:00
31,user_status_6151,user_status_desc_4182,2026-06-13 23:59:00
150,user_status_3698,user_status_desc_9693,2026-10-31 13:59:00
846,user_status_1125,user_status_desc_8154,2026-05-29 12:40:00
718,user_status_6888,user_status_desc_9017,2026-10-12 10:38:00
778,user_status_8608,user_status_desc_9588,2026-05-04 09:08:00
949,user_status_9854,user_status_desc_1281,2026-02-07 09:57:00
308,user_status_2676,user_status_desc_5713,2026-12-31 19:15:00
309,user_status_2264,user_status_desc_6454,2026-03-07 01:48:00
929,user_status_2566,user_status_desc_5303,2026-05-29 00:35:00
420,user_status_8440,user_status_desc_5715,2026-11-18 13:35:00
38,user_status_3871,user_status_desc_2392,2026-11-26 01:43:00
569,user_status_4658,user_status_desc_1369,2026-07-17 16:48:00
353,user_status_9154,user_status_desc_1408,2026-12-11 16:29:00
572,user_status_2890,user_status_desc_3390,2026-02-19 16:52:00
677,user_status_8284,user_status_desc_5105,2026-05-04 08:25:00
611,user_status_1225,user_status_desc_6225,2026-06-20 02:20:00
981,user_status_6643,user_status_desc_9077,2026-07-11 03:36:00
314,user_status_1341,user_status_desc_9924,2026-05-23 14:36:00
917,user_status_1010,user_status_desc_7866,2026-11-05 22:36:00
653,user_status_1800,user_status_desc_5883,2026-07-03 13:33:00
623,user_status_9900,user_status_desc_8031,2026-01-08 21:04:00
746,user_status_1794,user_status_desc_7365,2026-06-19 22:29:00
247,user_status_4826,user_status_desc_8411,2026-05-20 20:28:00
916,user_status_1708,user_status_desc_2359,2026-07-24 19:09:00
455,user_status_7789,user_status_desc_2527,2026-04-25 22:42:00
574,user_status_2132,user_status_desc_5896,2026-10-29 02:03:00
144,user_status_6860,user_status_desc_4603,2026-11-22 09:32:00
288,user_status_4185,user_status_desc_8846,2026-07-25 04:39:00
165,user_status_7517,user_status_desc_5845,2026-05-18 18:29:00
793,user_status_9173,user_status_desc_3954,2026-06-15 09:34:00
289,user_status_4017,user_status_desc_4938,2026-03-14 17:11:00
