news_id,headline,snippet_text,image_path,profile_links,event_date,created_at,last_updated_at
1,local,Conference care friend remain trouble.,All economic message ever time foreign.,{},2020-06-12 10:16:42,body,2025-10-08 17:07:34
2,water,Interest different movement up wish political cultural.,Impact yourself make tonight.,{},2025-03-29 17:11:27,study,2023-02-13 14:17:09
3,eight,Kitchen wrong forward me effect.,Church suffer personal down never have.,{},2025-05-31 23:27:19,fire,2024-10-02 04:01:07
4,clearly,Road interesting executive share.,Process save challenge.,{},2024-12-15 08:56:58,pull,2025-10-24 17:04:42
5,yard,Same hair different news collection government.,Building herself employee appear without the perhaps.,{},2022-03-16 21:08:22,home,2023-05-13 20:42:26
6,son,Property star career house main when brother whether.,One up kind memory trade discussion allow.,{},2021-10-06 22:49:14,bill,2024-06-11 06:52:07
7,forward,Choose range this success poor factor.,Easy at order tonight staff.,{},2025-03-25 09:55:10,scene,2026-01-04 02:57:08
8,born,He moment star beautiful sit coach find stage.,Avoid particular business people every.,{},2020-03-16 19:45:08,city,2024-08-01 23:04:21
9,near,Field finally nice off single pull usually imagine.,Fish pressure live lot new.,{},2023-12-19 15:08:07,eat,2025-02-21 21:31:00
10,hundred,Politics entire career despite occur top yard.,Somebody these husband must upon Democrat describe card.,{},2023-10-03 06:24:53,compare,2026-01-12 02:15:14
11,stock,Story beat treatment cold.,Interview gas reality.,{},2022-01-28 02:49:35,this,2023-12-16 04:25:58
12,rest,Rise now blue news happy white.,Improve experience skin.,{},2023-12-28 06:33:58,year,2022-10-15 19:11:44
13,blood,Continue land foreign wife energy nor.,Sound computer then I them expert.,{},2021-05-21 23:58:08,great,2021-05-02 23:53:34
14,involve,Take president us art share.,Sign art area hour.,{},2020-09-07 09:57:32,one,2024-12-12 17:52:51
15,defense,Military risk answer author image.,Herself message word summer western.,{},2020-05-25 02:00:49,risk,2022-05-24 19:55:27
16,wall,Add sure while condition.,Them water story executive building cause challenge.,{},2022-07-28 00:53:16,mission,2024-12-29 18:49:31
17,Democrat,There thing easy.,Much church event.,{},2020-08-12 19:22:19,color,2025-12-13 01:20:11
18,yes,Benefit property ahead whom.,Any behind learn plant address strong.,{},2025-02-20 12:57:47,little,2025-05-13 08:55:31
19,thousand,Onto put foreign necessary majority high but.,Political another indicate continue top feeling how.,{},2025-02-16 19:43:31,identify,2023-03-21 16:35:07
20,thus,Fight message three father performance top.,Loss defense live camera.,{},2025-10-22 21:42:00,beautiful,2020-05-10 12:14:29
21,former,Large drive evening card structure wall.,Culture area different control.,{},2024-10-13 16:45:09,main,2020-02-04 20:56:15
22,physical,Area that claim once follow answer specific.,Several his good me total.,{},2025-08-11 04:10:09,clear,2024-08-25 19:36:52
23,special,Process drive standard concern fish site.,Money example suggest walk blue.,{},2020-06-26 09:41:16,word,2020-11-17 05:05:10
24,tell,Example hold admit parent produce.,Begin store side few.,{},2024-01-25 05:53:20,soon,2023-01-05 02:13:45
25,finally,Again again marriage imagine opportunity.,Marriage movement enter audience bring kind.,{},2020-03-22 18:40:36,majority,2021-12-10 04:54:10
26,time,Special claim keep send find finish indicate.,East international put exist.,{},2026-02-04 18:53:23,what,2025-07-26 05:20:05
27,plan,Or camera card good kind human include tell.,Century continue degree them Mrs.,{},2024-06-30 16:01:12,wife,2025-09-18 01:34:02
28,rise,Price situation pressure particularly.,City company walk ask.,{},2025-01-19 07:15:18,police,2024-12-01 04:42:08
29,long,Air certain security perform get summer visit southern.,Animal in fast set I direction.,{},2021-01-11 03:37:10,ever,2026-04-07 09:33:05
30,better,Number almost choose.,Program general any firm if.,{},2020-10-02 07:35:36,receive,2021-02-11 11:49:00
31,charge,Fight have cost sister share manage single.,Woman begin detail economic staff.,{},2025-08-15 11:42:58,spring,2022-03-13 17:40:56
32,decade,Event glass born inside.,Quickly life themselves many yourself anything condition.,{},2020-01-10 14:30:42,art,2022-10-17 09:50:07
33,end,End per power thing blood.,Down free mind single prove.,{},2025-10-12 01:09:39,energy,2024-11-09 02:37:22
34,individual,Job like meet lawyer.,Leg future hair begin him build.,{},2025-05-21 17:04:45,phone,2026-01-15 16:37:09
35,behind,State special top perform avoid heart.,Member ask learn exactly indeed.,{},2023-11-21 04:09:10,brother,2020-04-29 06:04:32
36,drop,Feeling cultural before.,Human likely current subject whether notice perform.,{},2023-08-18 04:17:15,there,2020-08-20 00:49:29
37,she,History value protect word.,Size stay life couple.,{},2021-06-15 04:28:37,strong,2023-01-10 14:02:37
38,north,Whole stand reflect stage trip suggest something.,Despite approach attack teacher west compare.,{},2025-05-13 20:09:10,three,2026-04-03 15:15:44
39,international,Player especially Mr.,Though coach fight Republican role somebody.,{},2024-09-28 19:21:31,image,2024-05-01 22:35:56
40,buy,Give beyond buy major then space agency.,Serious fire will program.,{},2023-05-18 20:13:40,give,2023-09-12 16:26:23
41,according,Bill protect meet easy return treat.,Pick fast job police.,{},2020-10-27 03:33:24,box,2024-03-01 16:56:15
42,half,Forget memory else hair daughter.,Tonight crime almost plan treatment language left.,{},2022-07-08 20:01:48,certainly,2021-01-04 16:48:43
43,mention,Matter them position family good collection always.,Year half most part husband miss.,{},2025-08-23 14:03:03,window,2023-03-08 23:39:09
44,firm,Seven significant up same board.,Perform front raise discover oil.,{},2020-04-29 20:33:27,government,2023-07-08 13:03:17
45,take,Where really weight quickly art animal each.,Pm back fact relate money still.,{},2021-12-29 03:46:45,find,2022-09-14 17:34:17
46,paper,Sing specific century your bill.,Although part condition short.,{},2023-07-11 15:03:19,step,2024-09-23 06:43:31
47,indicate,Dark politics quality young.,Serve may prevent five one win clearly tough.,{},2025-09-04 21:38:56,something,2021-02-13 07:52:21
48,physical,Kind well manager we.,Me about speech nation specific entire crime.,{},2020-09-22 14:01:10,drive,2024-03-05 22:52:46
49,sign,Trade much because sport price little put.,All owner every book sit necessary put.,{},2021-04-23 00:02:47,something,2025-04-18 17:05:45
50,think,Girl also section.,Along worker nice response security agency senior.,{},2021-01-22 15:46:10,road,2023-01-22 02:31:14
51,doctor,Must involve view here away store into.,Piece least expert.,{},2020-06-30 05:45:28,authority,2021-05-27 11:24:53
52,with,Wish soon inside.,Actually hard onto.,{},2024-06-20 23:48:25,top,2025-03-18 16:26:16
53,certainly,Local spend executive better.,Another house magazine animal.,{},2021-10-15 23:31:35,ago,2020-06-29 19:05:54
54,out,Something magazine lose responsibility main performance learn.,Student guess part its general relationship.,{},2020-06-22 07:17:44,side,2023-12-18 17:54:08
55,friend,Nature these little.,Up economic board above.,{},2020-03-09 23:29:43,despite,2023-11-23 13:39:17
56,home,Fall apply involve moment process condition civil individual.,Yeah task must effort standard way play.,{},2024-08-03 08:27:02,quality,2021-11-11 03:46:42
57,easy,After add a third.,Eye those individual number.,{},2023-09-21 04:58:48,blood,2025-12-27 16:06:23
58,edge,Pressure local thing along.,Clear believe take between under.,{},2022-03-22 18:35:38,trial,2024-10-02 07:20:17
59,hospital,Six hit seek but.,True believe Republican size push.,{},2020-11-03 18:41:20,voice,2020-07-28 07:34:31
60,ability,Middle find someone box scene man.,Imagine carry machine.,{},2021-04-20 03:18:38,city,2022-03-03 02:02:21
61,positive,Offer brother herself finally tonight writer figure.,International blue politics scientist executive your cover.,{},2024-03-12 14:32:51,letter,2020-03-05 09:30:05
62,hundred,Detail law song by.,Practice current project mother everyone marriage necessary.,{},2020-12-21 09:42:57,investment,2023-12-03 16:26:20
63,force,Line choice such stuff include threat.,Occur against exist structure possible.,{},2022-01-14 02:52:27,scene,2022-06-08 06:12:01
64,address,Result eight too recent take.,Later admit all concern east.,{},2025-08-18 07:13:19,young,2024-09-02 02:03:49
65,thought,White long item sense position environmental.,Decide sport skill run clear discussion offer.,{},2023-10-02 13:47:40,enter,2023-01-05 17:44:38
66,south,Little theory report happy.,Part spring little expert public degree.,{},2023-09-01 10:10:08,career,2024-01-26 03:29:12
67,long,Rich current should anyone.,Fly whole name candidate inside.,{},2022-05-23 21:39:05,conference,2026-02-21 09:39:35
68,continue,Also peace moment actually really ability way.,Protect similar dog catch however.,{},2020-02-07 17:56:59,real,2025-01-13 14:04:30
69,special,Anything picture interesting store physical.,Attorney involve over evening sort someone parent.,{},2022-07-13 23:49:05,quality,2020-05-06 01:52:28
70,table,Computer include series available.,Trade camera business occur lawyer magazine wind.,{},2023-07-15 01:43:59,similar,2023-08-11 15:55:49
71,discover,Product admit alone knowledge feel north three.,Finally fine commercial.,{},2026-01-15 05:29:41,treatment,2020-05-30 08:07:25
72,table,Edge perform beat hope.,Hit people computer music.,{},2020-02-23 02:57:21,white,2021-12-10 10:24:55
73,close,Score that front enough worker most probably.,Nor notice family human hear.,{},2020-01-21 06:55:30,himself,2023-03-27 19:27:25
74,push,Tax executive draw hospital high.,Interesting course school dream government.,{},2022-12-08 10:29:45,mean,2020-07-10 02:34:23
75,every,Produce seem thank sit else.,Understand that feel production.,{},2023-06-30 10:51:32,out,2024-06-02 23:01:08
76,former,Indeed present body agree later which bit.,Keep yard law than arrive soldier my.,{},2021-11-13 11:53:51,watch,2020-05-16 10:58:56
77,box,Executive their fall world government student old.,Through answer left economic indeed.,{},2022-01-03 20:26:46,at,2021-04-26 04:43:23
78,cover,Rock condition risk.,Safe term business activity.,{},2021-01-13 23:43:36,never,2023-12-09 03:45:17
79,region,Almost example believe pressure society fly billion.,Science up west sense.,{},2024-01-07 21:58:36,education,2025-03-30 21:55:53
80,under,Early myself experience staff who lay north.,Contain figure not service page.,{},2020-10-04 23:02:29,push,2021-09-27 22:14:04
81,family,Sell part law stuff.,Often nearly reach wide.,{},2025-03-03 19:28:24,boy,2022-06-13 15:43:34
82,home,Time a think Congress exist their.,Our say field continue drive buy animal.,{},2023-08-01 01:09:27,finally,2022-12-18 03:48:38
83,send,Difference history level into fund exactly require attention.,Ago rule catch every take hundred.,{},2021-11-11 07:47:02,issue,2024-09-10 11:26:19
84,way,Three traditional player program.,Assume would relationship rise compare war.,{},2026-01-14 13:55:41,theory,2023-07-05 19:20:57
85,last,Theory history own capital.,Charge station general art teacher doctor suddenly.,{},2024-09-20 05:49:17,build,2024-07-23 16:22:22
86,recognize,Next miss environment everything audience cover majority.,Live agree play particularly spend town agent.,{},2021-04-15 20:40:44,experience,2022-01-17 10:49:37
87,particular,Why identify language Congress few also.,Important fly form somebody show.,{},2020-01-31 03:08:38,bank,2025-04-08 09:39:44
88,theory,Address note war occur probably evening police.,Prepare oil themselves behavior.,{},2021-09-18 20:17:08,better,2023-09-15 04:17:46
89,only,Million listen theory article myself.,Tv trouble yard player present any when capital.,{},2022-05-09 15:23:09,not,2026-01-04 22:37:23
90,six,Reveal instead pretty century win prevent skill.,East never allow seven adult.,{},2024-04-09 12:01:46,since,2022-04-05 12:44:49
91,short,Note suffer whole teacher white class should.,Carry three list pick respond.,{},2026-02-28 09:16:21,student,2022-03-05 05:43:32
92,it,Foreign describe after our see sing.,Resource certainly ever according how.,{},2024-08-29 11:37:53,room,2020-12-05 14:57:00
93,government,Total meeting responsibility million on apply miss.,Environmental air paper.,{},2023-09-07 03:35:57,detail,2021-12-24 02:31:14
94,federal,Order open recognize realize provide seat.,Occur several town rock kid fly now executive.,{},2021-10-23 05:03:26,most,2024-01-01 20:46:05
95,prove,Evening north soldier.,Development research include.,{},2023-01-24 18:53:36,modern,2023-06-20 05:41:08
96,home,Age according voice test action receive spring.,Bank issue true concern for style I nation.,{},2025-05-08 15:24:51,instead,2022-03-09 03:58:35
97,our,Arrive management reflect hand relate admit own.,About face federal forward wear language born.,{},2021-05-31 05:05:25,garden,2022-07-26 10:49:54
98,already,Success describe two first yourself American exist.,Painting environmental actually note.,{},2026-01-03 21:18:40,measure,2021-04-21 14:29:43
99,near,Responsibility professor opportunity reduce less collection.,Budget office expert evidence speech activity power build.,{},2021-09-25 01:11:41,interview,2020-03-01 10:57:32
100,move,Sell kind first television open.,Four their arm commercial bar lead director.,{},2021-07-20 19:04:22,someone,2020-12-04 07:24:54
