type_id,type_name,description
1,question,Often social decide level image player.
2,floor,Recently civil particularly outside raise image address.
3,any,Week follow think create.
4,article,Partner people main executive news site.
5,degree,Note president media head.
6,doctor,Draw debate end adult already nation respond.
7,speak,Use author imagine especially he beyond.
8,later,Case road base by major.
9,maintain,Production campaign vote wear meet consumer.
10,realize,Box beyond the both ever feel.
11,sort,Less line structure president wear scientist case.
12,painting,Western easy example daughter least consumer bit.
13,identify,Floor claim record beautiful agent culture chance.
14,hot,Future hold law specific.
15,throughout,Necessary high front key.
16,during,Guess find Democrat sense shake ball beyond director.
17,than,Herself enter difficult goal despite opportunity science.
18,list,Technology national executive serve radio benefit book.
19,past,Vote ability officer performance science weight.
20,successful,Such economy blue leader current air from.
21,mention,Realize every likely material night gun direction direction.
22,plant,Change still one painting contain detail.
23,today,Themselves change kid get difficult book method.
24,ok,Organization all record point eye entire never.
25,force,Provide care environment each everyone.
26,middle,Skin always unit television lose note each.
27,walk,Provide whom make sport.
28,foreign,Safe need health base.
29,example,Off standard anyone result stand.
30,apply,Laugh agree campaign million trade apply model.
31,serious,Owner unit large technology.
32,anything,True news describe necessary.
33,add,Generation unit sign know in example new.
34,region,Its stuff technology meet push play around.
35,society,Race report choice same citizen money thousand friend.
36,pick,Your probably rule sense analysis black enough.
37,early,Contain be soon but area various win.
38,step,Best sometimes kid rest.
39,show,Official police her pull.
40,three,On better last top back scene look.
41,anything,Word drive father stage.
42,this,Say whatever common hear voice realize make.
43,crime,Happy learn several lead financial.
44,firm,Democrat response interview will bed big.
45,particular,Perhaps official idea play sit face two.
46,detail,Worker it run yeah edge include turn need.
47,know,Say full small improve.
48,send,Social pattern only sport.
49,on,Song what set choose world.
50,quite,It against I assume.
51,attorney,Suddenly arm moment visit seek budget.
52,mother,Reflect none create economy name rule environment.
53,professional,Wonder record space marriage.
54,this,Large week anything tell.
55,teacher,Stuff maybe thank only production.
56,with,Once green traditional collection agree service give.
57,our,Technology similar middle little table law employee.
58,yes,Son kind center summer have.
59,issue,Color them media right.
60,issue,Generation however seat bed day why president.
61,key,Effort increase stuff safe individual contain.
62,say,Popular evening day American.
63,mention,Present bit administration health rather owner.
64,series,Edge structure stage company free.
65,section,Simple way section fight necessary.
66,can,Prevent fine painting answer spend.
67,medical,Also standard blood senior surface nature.
68,only,Edge yeah hear in even.
69,class,Open newspaper result claim.
70,outside,Mr pretty finish scientist song seat drive.
71,ground,Though democratic offer major.
72,hotel,Want show item senior game gas.
73,herself,Figure night third pass want.
74,tree,Rock our will over.
75,community,By close save.
76,her,Performance job feel cover these finally near effect.
77,perform,Think wonder step.
78,artist,Big thousand last entire effect evidence forget along.
79,yet,Present special positive open.
80,several,Issue assume move focus well time learn.
81,near,Father main nice degree.
82,stock,Marriage stage near understand seem admit war hold.
83,relationship,Civil sense hear admit compare specific view.
84,today,Create walk meeting its consumer store guy.
85,detail,Beautiful state may field visit.
86,seem,Yet create person arm.
87,two,Per but develop.
88,third,Start argue simple man.
89,image,Fire receive source hard section continue fire use.
90,sort,Some though standard.
91,respond,Send accept reduce fill cell environment.
92,fear,Conference future debate appear again clear.
93,watch,Machine later TV argue bad.
94,late,Tend foot father two because low.
95,reach,Between statement plan very modern reveal.
96,of,She join attorney century happen free to.
97,site,Though by could.
98,author,Parent rich former quickly.
99,vote,Relationship eat major adult skill sure interesting.
100,nearly,Business alone product forget.
