comment_id,request_id,user_id,comment
1,63,65,Participant yes assume information.
2,22,95,Technology sort space capital hear character.
3,58,85,Old standard paper modern there store.
4,29,77,Care brother modern computer pattern.
5,1,5,We garden memory admit enjoy bit protect.
6,97,79,Change accept bank wear at.
7,93,66,Issue executive section recognize.
8,75,46,Wide then long both sea appear dog.
9,58,33,Subject bed fund exactly approach.
10,77,80,Pretty voice condition than.
11,51,65,Daughter above weight middle bar.
12,3,80,Mouth public simply leg run.
13,59,22,Actually yet seek prove.
14,5,17,Such imagine whether rise blood.
15,56,52,Check price middle form.
16,26,84,Front big determine budget computer.
17,19,100,Issue six doctor explain until trade system body.
18,55,36,Some environment instead force because from herself bad.
19,86,84,Material all three grow also movie notice they.
20,17,79,Water general into poor wrong TV myself.
21,47,39,Stop analysis expect.
22,45,32,Others crime nice resource my message.
23,22,11,Professor amount direction staff.
24,57,58,Along light sound sea one.
25,97,70,Letter husband her draw remain boy safe.
26,18,77,Two century keep past house behind.
27,2,52,Important design wide these candidate apply.
28,2,32,Expert back risk if assume behavior enough.
29,22,99,Read like field particular.
30,16,8,Child lot wife everybody into born another.
31,71,7,Those business military.
32,75,42,Move cover many will bag.
33,49,100,Across visit save beat project.
34,82,34,Cost every great our represent.
35,1,2,Cost full nation respond mother whom draw street.
36,59,42,History catch car mind pick feeling character.
37,22,69,Cause window color land western matter spring thing.
38,79,51,Book center computer tell perform smile.
39,28,41,Trip military spend.
40,38,83,Wife effect time community peace.
41,59,80,Which marriage them apply idea beautiful.
42,59,44,Nothing career weight care.
43,85,48,Single maintain ready beat unit save.
44,23,83,Stop low scientist series above.
45,33,29,Well staff walk need quality whom live.
46,58,1,New happy evidence figure environment degree.
47,95,52,Say family beat cultural.
48,34,96,Investment its team doctor.
49,79,54,Appear someone plant see career likely benefit.
50,84,90,Behavior west together power few which.
51,76,26,In matter head decision we if.
52,63,13,Billion individual guy industry foreign rule with.
53,32,5,Hope draw sometimes article.
54,32,2,Tonight stay firm work.
55,6,27,Either visit age scientist.
56,3,15,Change entire miss future money heart performance.
57,18,91,Guy end interesting actually claim.
58,52,63,Goal charge to rest small final.
59,62,82,Market represent general situation news price beat.
60,46,94,Then structure as six second.
61,97,4,School door place right child.
62,28,93,Fish expect college doctor.
63,29,44,Thus lead type field plant everyone.
64,35,51,Notice prepare wife street put whether.
65,38,32,Cover store she audience up interesting care.
66,24,69,Whatever glass admit adult over may.
67,100,45,Mission crime save value.
68,30,80,Couple find generation through whose professor list.
69,82,83,Third everyone scientist soon.
70,36,2,Market hot when about direction tend brother rock.
71,31,45,Could born thing suffer whether.
72,96,47,Affect executive tend top probably memory.
73,53,33,Sometimes eye true.
74,19,72,Yard beyond house way week whether available your.
75,86,67,Expect conference else yeah.
76,38,97,Clearly research partner staff reveal result soldier budget.
77,50,99,Do total environment long pull account floor.
78,31,66,Old behavior side pull tell.
79,94,96,Section lawyer point through write.
80,40,5,Hot site every outside wife.
81,75,86,Piece ball art move land.
82,79,98,Hold attention Mr and care deal degree some.
83,83,93,Late treat nothing nor cup protect.
84,78,97,Race field black sea east.
85,88,87,Whatever finally set measure anyone by.
86,39,61,Professor blue speak stand side office.
87,19,16,Specific product billion movie section once.
88,8,16,Me newspaper report job reason media even.
89,93,8,Provide right these.
90,61,87,Force enough better can keep effort successful.
91,9,11,Act what cut senior.
92,36,45,Learn moment from.
93,21,93,Same miss number all.
94,52,8,Until day none.
95,85,99,Past each sell.
96,63,58,Science society herself take at leave suggest.
97,89,76,Administration detail leader toward member land list.
98,45,63,Station body reason decade.
99,76,12,Move range way question simply.
100,43,40,Service peace debate later economy air.
