user_id,state_id,country_id,user_status_id,user_category_id,full_name,first_name,middle_name,last_name,primary_email_address,primary_phone_number,addr_ln1,addr_ln2,addr_ln3,city_name,zip_code,last_location,last_update_date,time_zone,profile_picture_path,gender,language_1,language_2,language_3,promotion_wizard_stage,promotion_wizard_last_update_date,external_auth_provider,dob
U1000,S1,1,1,1,User 0,First0,,Last0,user0@example.com,9999990000,123 Main St,,,Sample City,10001,Sample Location,2026-01-10 13:01,UTC,,Male,English,,,1,2026-01-10 13:01,LOCAL,1990-01-01
U1001,S1,1,1,1,User 1,First1,,Last1,user1@example.com,9999990001,123 Main St,,,Sample City,10001,Sample Location,2026-01-11 11:43,UTC,,Female,English,,,1,2026-01-11 11:43,LOCAL,1990-01-01
U1002,S1,1,1,1,User 2,First2,,Last2,user2@example.com,9999990002,123 Main St,,,Sample City,10001,Sample Location,2026-01-06 12:05,UTC,,Male,English,,,1,2026-01-06 12:05,LOCAL,1990-01-01
U1003,S1,1,1,1,User 3,First3,,Last3,user3@example.com,9999990003,123 Main St,,,Sample City,10001,Sample Location,2026-01-18 23:45,UTC,,Female,English,,,1,2026-01-18 23:45,LOCAL,1990-01-01
U1004,S1,1,1,1,User 4,First4,,Last4,user4@example.com,9999990004,123 Main St,,,Sample City,10001,Sample Location,2026-01-11 04:37,UTC,,Male,English,,,1,2026-01-11 04:37,LOCAL,1990-01-01
U1005,S1,1,1,1,User 5,First5,,Last5,user5@example.com,9999990005,123 Main St,,,Sample City,10001,Sample Location,2026-01-11 17:21,UTC,,Male,English,,,1,2026-01-11 17:21,LOCAL,1990-01-01
U1006,S1,1,1,1,User 6,First6,,Last6,user6@example.com,9999990006,123 Main St,,,Sample City,10001,Sample Location,2026-01-15 11:05,UTC,,Female,English,,,1,2026-01-15 11:05,LOCAL,1990-01-01
U1007,S1,1,1,1,User 7,First7,,Last7,user7@example.com,9999990007,123 Main St,,,Sample City,10001,Sample Location,2026-01-11 00:51,UTC,,Female,English,,,1,2026-01-11 00:51,LOCAL,1990-01-01
U1008,S1,1,1,1,User 8,First8,,Last8,user8@example.com,9999990008,123 Main St,,,Sample City,10001,Sample Location,2026-01-19 11:59,UTC,,Female,English,,,1,2026-01-19 11:59,LOCAL,1990-01-01
U1009,S1,1,1,1,User 9,First9,,Last9,user9@example.com,9999990009,123 Main St,,,Sample City,10001,Sample Location,2026-01-19 01:36,UTC,,Male,English,,,1,2026-01-19 01:36,LOCAL,1990-01-01
U1010,S1,1,1,1,User 10,First10,,Last10,user10@example.com,9999990010,123 Main St,,,Sample City,10001,Sample Location,2026-01-15 13:49,UTC,,Male,English,,,1,2026-01-15 13:49,LOCAL,1990-01-01
U1011,S1,1,1,1,User 11,First11,,Last11,user11@example.com,9999990011,123 Main St,,,Sample City,10001,Sample Location,2026-01-20 01:17,UTC,,Female,English,,,1,2026-01-20 01:17,LOCAL,1990-01-01
U1012,S1,1,1,1,User 12,First12,,Last12,user12@example.com,9999990012,123 Main St,,,Sample City,10001,Sample Location,2026-01-18 00:22,UTC,,Female,English,,,1,2026-01-18 00:22,LOCAL,1990-01-01
U1013,S1,1,1,1,User 13,First13,,Last13,user13@example.com,9999990013,123 Main St,,,Sample City,10001,Sample Location,2026-01-29 12:38,UTC,,Male,English,,,1,2026-01-29 12:38,LOCAL,1990-01-01
U1014,S1,1,1,1,User 14,First14,,Last14,user14@example.com,9999990014,123 Main St,,,Sample City,10001,Sample Location,2026-01-21 02:24,UTC,,Male,English,,,1,2026-01-21 02:24,LOCAL,1990-01-01
U1015,S1,1,1,1,User 15,First15,,Last15,user15@example.com,9999990015,123 Main St,,,Sample City,10001,Sample Location,2026-01-21 17:53,UTC,,Male,English,,,1,2026-01-21 17:53,LOCAL,1990-01-01
U1016,S1,1,1,1,User 16,First16,,Last16,user16@example.com,9999990016,123 Main St,,,Sample City,10001,Sample Location,2026-01-20 18:17,UTC,,Female,English,,,1,2026-01-20 18:17,LOCAL,1990-01-01
U1017,S1,1,1,1,User 17,First17,,Last17,user17@example.com,9999990017,123 Main St,,,Sample City,10001,Sample Location,2026-01-29 23:25,UTC,,Male,English,,,1,2026-01-29 23:25,LOCAL,1990-01-01
U1018,S1,1,1,1,User 18,First18,,Last18,user18@example.com,9999990018,123 Main St,,,Sample City,10001,Sample Location,2026-01-29 19:15,UTC,,Female,English,,,1,2026-01-29 19:15,LOCAL,1990-01-01
U1019,S1,1,1,1,User 19,First19,,Last19,user19@example.com,9999990019,123 Main St,,,Sample City,10001,Sample Location,2026-02-03 21:57,UTC,,Female,English,,,1,2026-02-03 21:57,LOCAL,1990-01-01
U1020,S1,1,1,1,User 20,First20,,Last20,user20@example.com,9999990020,123 Main St,,,Sample City,10001,Sample Location,2026-01-29 12:32,UTC,,Male,English,,,1,2026-01-29 12:32,LOCAL,1990-01-01
U1021,S1,1,1,1,User 21,First21,,Last21,user21@example.com,9999990021,123 Main St,,,Sample City,10001,Sample Location,2026-01-24 23:40,UTC,,Female,English,,,1,2026-01-24 23:40,LOCAL,1990-01-01
U1022,S1,1,1,1,User 22,First22,,Last22,user22@example.com,9999990022,123 Main St,,,Sample City,10001,Sample Location,2026-02-02 19:24,UTC,,Female,English,,,1,2026-02-02 19:24,LOCAL,1990-01-01
U1023,S1,1,1,1,User 23,First23,,Last23,user23@example.com,9999990023,123 Main St,,,Sample City,10001,Sample Location,2026-01-28 23:35,UTC,,Male,English,,,1,2026-01-28 23:35,LOCAL,1990-01-01
U1024,S1,1,1,1,User 24,First24,,Last24,user24@example.com,9999990024,123 Main St,,,Sample City,10001,Sample Location,2026-02-04 05:48,UTC,,Female,English,,,1,2026-02-04 05:48,LOCAL,1990-01-01
U1025,S1,1,1,1,User 25,First25,,Last25,user25@example.com,9999990025,123 Main St,,,Sample City,10001,Sample Location,2026-01-28 20:27,UTC,,Male,English,,,1,2026-01-28 20:27,LOCAL,1990-01-01
U1026,S1,1,1,1,User 26,First26,,Last26,user26@example.com,9999990026,123 Main St,,,Sample City,10001,Sample Location,2026-02-03 21:32,UTC,,Male,English,,,1,2026-02-03 21:32,LOCAL,1990-01-01
U1027,S1,1,1,1,User 27,First27,,Last27,user27@example.com,9999990027,123 Main St,,,Sample City,10001,Sample Location,2026-02-12 21:53,UTC,,Male,English,,,1,2026-02-12 21:53,LOCAL,1990-01-01
U1028,S1,1,1,1,User 28,First28,,Last28,user28@example.com,9999990028,123 Main St,,,Sample City,10001,Sample Location,2026-02-01 22:48,UTC,,Male,English,,,1,2026-02-01 22:48,LOCAL,1990-01-01
U1029,S1,1,1,1,User 29,First29,,Last29,user29@example.com,9999990029,123 Main St,,,Sample City,10001,Sample Location,2026-02-03 15:31,UTC,,Female,English,,,1,2026-02-03 15:31,LOCAL,1990-01-01
U1030,S1,1,1,1,User 30,First30,,Last30,user30@example.com,9999990030,123 Main St,,,Sample City,10001,Sample Location,2026-02-05 21:03,UTC,,Male,English,,,1,2026-02-05 21:03,LOCAL,1990-01-01
U1031,S1,1,1,1,User 31,First31,,Last31,user31@example.com,9999990031,123 Main St,,,Sample City,10001,Sample Location,2026-02-03 04:52,UTC,,Male,English,,,1,2026-02-03 04:52,LOCAL,1990-01-01
U1032,S1,1,1,1,User 32,First32,,Last32,user32@example.com,9999990032,123 Main St,,,Sample City,10001,Sample Location,2026-02-05 20:35,UTC,,Female,English,,,1,2026-02-05 20:35,LOCAL,1990-01-01
U1033,S1,1,1,1,User 33,First33,,Last33,user33@example.com,9999990033,123 Main St,,,Sample City,10001,Sample Location,2026-02-08 04:48,UTC,,Female,English,,,1,2026-02-08 04:48,LOCAL,1990-01-01
U1034,S1,1,1,1,User 34,First34,,Last34,user34@example.com,9999990034,123 Main St,,,Sample City,10001,Sample Location,2026-02-15 21:28,UTC,,Male,English,,,1,2026-02-15 21:28,LOCAL,1990-01-01
U1035,S1,1,1,1,User 35,First35,,Last35,user35@example.com,9999990035,123 Main St,,,Sample City,10001,Sample Location,2026-02-11 12:04,UTC,,Male,English,,,1,2026-02-11 12:04,LOCAL,1990-01-01
U1036,S1,1,1,1,User 36,First36,,Last36,user36@example.com,9999990036,123 Main St,,,Sample City,10001,Sample Location,2026-02-11 23:00,UTC,,Male,English,,,1,2026-02-11 23:00,LOCAL,1990-01-01
U1037,S1,1,1,1,User 37,First37,,Last37,user37@example.com,9999990037,123 Main St,,,Sample City,10001,Sample Location,2026-02-08 15:57,UTC,,Male,English,,,1,2026-02-08 15:57,LOCAL,1990-01-01
U1038,S1,1,1,1,User 38,First38,,Last38,user38@example.com,9999990038,123 Main St,,,Sample City,10001,Sample Location,2026-02-22 19:17,UTC,,Male,English,,,1,2026-02-22 19:17,LOCAL,1990-01-01
U1039,S1,1,1,1,User 39,First39,,Last39,user39@example.com,9999990039,123 Main St,,,Sample City,10001,Sample Location,2026-02-22 20:46,UTC,,Female,English,,,1,2026-02-22 20:46,LOCAL,1990-01-01
U1040,S1,1,1,1,User 40,First40,,Last40,user40@example.com,9999990040,123 Main St,,,Sample City,10001,Sample Location,2026-02-17 19:51,UTC,,Male,English,,,1,2026-02-17 19:51,LOCAL,1990-01-01
U1041,S1,1,1,1,User 41,First41,,Last41,user41@example.com,9999990041,123 Main St,,,Sample City,10001,Sample Location,2026-02-17 21:22,UTC,,Female,English,,,1,2026-02-17 21:22,LOCAL,1990-01-01
U1042,S1,1,1,1,User 42,First42,,Last42,user42@example.com,9999990042,123 Main St,,,Sample City,10001,Sample Location,2026-02-27 19:43,UTC,,Male,English,,,1,2026-02-27 19:43,LOCAL,1990-01-01
U1043,S1,1,1,1,User 43,First43,,Last43,user43@example.com,9999990043,123 Main St,,,Sample City,10001,Sample Location,2026-02-19 03:46,UTC,,Male,English,,,1,2026-02-19 03:46,LOCAL,1990-01-01
U1044,S1,1,1,1,User 44,First44,,Last44,user44@example.com,9999990044,123 Main St,,,Sample City,10001,Sample Location,2026-02-23 19:12,UTC,,Male,English,,,1,2026-02-23 19:12,LOCAL,1990-01-01
U1045,S1,1,1,1,User 45,First45,,Last45,user45@example.com,9999990045,123 Main St,,,Sample City,10001,Sample Location,2026-02-25 14:17,UTC,,Male,English,,,1,2026-02-25 14:17,LOCAL,1990-01-01
U1046,S1,1,1,1,User 46,First46,,Last46,user46@example.com,9999990046,123 Main St,,,Sample City,10001,Sample Location,2026-02-20 03:06,UTC,,Male,English,,,1,2026-02-20 03:06,LOCAL,1990-01-01
U1047,S1,1,1,1,User 47,First47,,Last47,user47@example.com,9999990047,123 Main St,,,Sample City,10001,Sample Location,2026-02-23 19:10,UTC,,Female,English,,,1,2026-02-23 19:10,LOCAL,1990-01-01
U1048,S1,1,1,1,User 48,First48,,Last48,user48@example.com,9999990048,123 Main St,,,Sample City,10001,Sample Location,2026-02-19 17:57,UTC,,Female,English,,,1,2026-02-19 17:57,LOCAL,1990-01-01
U1049,S1,1,1,1,User 49,First49,,Last49,user49@example.com,9999990049,123 Main St,,,Sample City,10001,Sample Location,2026-02-26 19:16,UTC,,Female,English,,,1,2026-02-26 19:16,LOCAL,1990-01-01
U1050,S1,1,1,1,User 50,First50,,Last50,user50@example.com,9999990050,123 Main St,,,Sample City,10001,Sample Location,2026-03-04 19:42,UTC,,Male,English,,,1,2026-03-04 19:42,LOCAL,1990-01-01
U1051,S1,1,1,1,User 51,First51,,Last51,user51@example.com,9999990051,123 Main St,,,Sample City,10001,Sample Location,2026-03-04 23:03,UTC,,Male,English,,,1,2026-03-04 23:03,LOCAL,1990-01-01
U1052,S1,1,1,1,User 52,First52,,Last52,user52@example.com,9999990052,123 Main St,,,Sample City,10001,Sample Location,2026-02-27 23:03,UTC,,Female,English,,,1,2026-02-27 23:03,LOCAL,1990-01-01
U1053,S1,1,1,1,User 53,First53,,Last53,user53@example.com,9999990053,123 Main St,,,Sample City,10001,Sample Location,2026-02-28 01:10,UTC,,Male,English,,,1,2026-02-28 01:10,LOCAL,1990-01-01
U1054,S1,1,1,1,User 54,First54,,Last54,user54@example.com,9999990054,123 Main St,,,Sample City,10001,Sample Location,2026-02-26 20:38,UTC,,Male,English,,,1,2026-02-26 20:38,LOCAL,1990-01-01
U1055,S1,1,1,1,User 55,First55,,Last55,user55@example.com,9999990055,123 Main St,,,Sample City,10001,Sample Location,2026-03-09 13:56,UTC,,Male,English,,,1,2026-03-09 13:56,LOCAL,1990-01-01
U1056,S1,1,1,1,User 56,First56,,Last56,user56@example.com,9999990056,123 Main St,,,Sample City,10001,Sample Location,2026-03-12 19:26,UTC,,Female,English,,,1,2026-03-12 19:26,LOCAL,1990-01-01
U1057,S1,1,1,1,User 57,First57,,Last57,user57@example.com,9999990057,123 Main St,,,Sample City,10001,Sample Location,2026-03-06 15:42,UTC,,Female,English,,,1,2026-03-06 15:42,LOCAL,1990-01-01
U1058,S1,1,1,1,User 58,First58,,Last58,user58@example.com,9999990058,123 Main St,,,Sample City,10001,Sample Location,2026-03-13 15:42,UTC,,Female,English,,,1,2026-03-13 15:42,LOCAL,1990-01-01
U1059,S1,1,1,1,User 59,First59,,Last59,user59@example.com,9999990059,123 Main St,,,Sample City,10001,Sample Location,2026-03-10 19:00,UTC,,Male,English,,,1,2026-03-10 19:00,LOCAL,1990-01-01
U1060,S1,1,1,1,User 60,First60,,Last60,user60@example.com,9999990060,123 Main St,,,Sample City,10001,Sample Location,2026-03-10 21:13,UTC,,Male,English,,,1,2026-03-10 21:13,LOCAL,1990-01-01
U1061,S1,1,1,1,User 61,First61,,Last61,user61@example.com,9999990061,123 Main St,,,Sample City,10001,Sample Location,2026-03-08 15:56,UTC,,Female,English,,,1,2026-03-08 15:56,LOCAL,1990-01-01
U1062,S1,1,1,1,User 62,First62,,Last62,user62@example.com,9999990062,123 Main St,,,Sample City,10001,Sample Location,2026-03-14 03:53,UTC,,Female,English,,,1,2026-03-14 03:53,LOCAL,1990-01-01
U1063,S1,1,1,1,User 63,First63,,Last63,user63@example.com,9999990063,123 Main St,,,Sample City,10001,Sample Location,2026-03-20 01:00,UTC,,Female,English,,,1,2026-03-20 01:00,LOCAL,1990-01-01
U1064,S1,1,1,1,User 64,First64,,Last64,user64@example.com,9999990064,123 Main St,,,Sample City,10001,Sample Location,2026-03-13 14:56,UTC,,Male,English,,,1,2026-03-13 14:56,LOCAL,1990-01-01
U1065,S1,1,1,1,User 65,First65,,Last65,user65@example.com,9999990065,123 Main St,,,Sample City,10001,Sample Location,2026-03-11 21:09,UTC,,Male,English,,,1,2026-03-11 21:09,LOCAL,1990-01-01
U1066,S1,1,1,1,User 66,First66,,Last66,user66@example.com,9999990066,123 Main St,,,Sample City,10001,Sample Location,2026-03-24 00:13,UTC,,Female,English,,,1,2026-03-24 00:13,LOCAL,1990-01-01
U1067,S1,1,1,1,User 67,First67,,Last67,user67@example.com,9999990067,123 Main St,,,Sample City,10001,Sample Location,2026-03-13 17:16,UTC,,Female,English,,,1,2026-03-13 17:16,LOCAL,1990-01-01
U1068,S1,1,1,1,User 68,First68,,Last68,user68@example.com,9999990068,123 Main St,,,Sample City,10001,Sample Location,2026-03-17 21:00,UTC,,Male,English,,,1,2026-03-17 21:00,LOCAL,1990-01-01
U1069,S1,1,1,1,User 69,First69,,Last69,user69@example.com,9999990069,123 Main St,,,Sample City,10001,Sample Location,2026-03-23 21:10,UTC,,Female,English,,,1,2026-03-23 21:10,LOCAL,1990-01-01
U1070,S1,1,1,1,User 70,First70,,Last70,user70@example.com,9999990070,123 Main St,,,Sample City,10001,Sample Location,2026-03-17 20:07,UTC,,Male,English,,,1,2026-03-17 20:07,LOCAL,1990-01-01
U1071,S1,1,1,1,User 71,First71,,Last71,user71@example.com,9999990071,123 Main St,,,Sample City,10001,Sample Location,2026-03-22 18:53,UTC,,Male,English,,,1,2026-03-22 18:53,LOCAL,1990-01-01
U1072,S1,1,1,1,User 72,First72,,Last72,user72@example.com,9999990072,123 Main St,,,Sample City,10001,Sample Location,2026-03-21 16:02,UTC,,Male,English,,,1,2026-03-21 16:02,LOCAL,1990-01-01
U1073,S1,1,1,1,User 73,First73,,Last73,user73@example.com,9999990073,123 Main St,,,Sample City,10001,Sample Location,2026-03-20 22:43,UTC,,Male,English,,,1,2026-03-20 22:43,LOCAL,1990-01-01
U1074,S1,1,1,1,User 74,First74,,Last74,user74@example.com,9999990074,123 Main St,,,Sample City,10001,Sample Location,2026-03-25 02:56,UTC,,Male,English,,,1,2026-03-25 02:56,LOCAL,1990-01-01
U1075,S1,1,1,1,User 75,First75,,Last75,user75@example.com,9999990075,123 Main St,,,Sample City,10001,Sample Location,2026-03-20 17:51,UTC,,Male,English,,,1,2026-03-20 17:51,LOCAL,1990-01-01
U1076,S1,1,1,1,User 76,First76,,Last76,user76@example.com,9999990076,123 Main St,,,Sample City,10001,Sample Location,2026-03-26 02:50,UTC,,Male,English,,,1,2026-03-26 02:50,LOCAL,1990-01-01
U1077,S1,1,1,1,User 77,First77,,Last77,user77@example.com,9999990077,123 Main St,,,Sample City,10001,Sample Location,2026-03-22 17:50,UTC,,Male,English,,,1,2026-03-22 17:50,LOCAL,1990-01-01
U1078,S1,1,1,1,User 78,First78,,Last78,user78@example.com,9999990078,123 Main St,,,Sample City,10001,Sample Location,2026-03-30 17:12,UTC,,Female,English,,,1,2026-03-30 17:12,LOCAL,1990-01-01
U1079,S1,1,1,1,User 79,First79,,Last79,user79@example.com,9999990079,123 Main St,,,Sample City,10001,Sample Location,2026-04-01 15:01,UTC,,Female,English,,,1,2026-04-01 15:01,LOCAL,1990-01-01
U1080,S1,1,1,1,User 80,First80,,Last80,user80@example.com,9999990080,123 Main St,,,Sample City,10001,Sample Location,2026-03-26 01:55,UTC,,Female,English,,,1,2026-03-26 01:55,LOCAL,1990-01-01
U1081,S1,1,1,1,User 81,First81,,Last81,user81@example.com,9999990081,123 Main St,,,Sample City,10001,Sample Location,2026-04-05 01:25,UTC,,Female,English,,,1,2026-04-05 01:25,LOCAL,1990-01-01
U1082,S1,1,1,1,User 82,First82,,Last82,user82@example.com,9999990082,123 Main St,,,Sample City,10001,Sample Location,2026-03-28 12:56,UTC,,Female,English,,,1,2026-03-28 12:56,LOCAL,1990-01-01
U1083,S1,1,1,1,User 83,First83,,Last83,user83@example.com,9999990083,123 Main St,,,Sample City,10001,Sample Location,2026-03-31 15:38,UTC,,Female,English,,,1,2026-03-31 15:38,LOCAL,1990-01-01
U1084,S1,1,1,1,User 84,First84,,Last84,user84@example.com,9999990084,123 Main St,,,Sample City,10001,Sample Location,2026-04-05 02:07,UTC,,Male,English,,,1,2026-04-05 02:07,LOCAL,1990-01-01
U1085,S1,1,1,1,User 85,First85,,Last85,user85@example.com,9999990085,123 Main St,,,Sample City,10001,Sample Location,2026-04-04 09:45,UTC,,Male,English,,,1,2026-04-04 09:45,LOCAL,1990-01-01
U1086,S1,1,1,1,User 86,First86,,Last86,user86@example.com,9999990086,123 Main St,,,Sample City,10001,Sample Location,2026-04-09 20:04,UTC,,Female,English,,,1,2026-04-09 20:04,LOCAL,1990-01-01
U1087,S1,1,1,1,User 87,First87,,Last87,user87@example.com,9999990087,123 Main St,,,Sample City,10001,Sample Location,2026-04-07 18:46,UTC,,Female,English,,,1,2026-04-07 18:46,LOCAL,1990-01-01
U1088,S1,1,1,1,User 88,First88,,Last88,user88@example.com,9999990088,123 Main St,,,Sample City,10001,Sample Location,2026-04-11 02:20,UTC,,Female,English,,,1,2026-04-11 02:20,LOCAL,1990-01-01
U1089,S1,1,1,1,User 89,First89,,Last89,user89@example.com,9999990089,123 Main St,,,Sample City,10001,Sample Location,2026-04-10 21:12,UTC,,Female,English,,,1,2026-04-10 21:12,LOCAL,1990-01-01
U1090,S1,1,1,1,User 90,First90,,Last90,user90@example.com,9999990090,123 Main St,,,Sample City,10001,Sample Location,2026-04-15 15:39,UTC,,Female,English,,,1,2026-04-15 15:39,LOCAL,1990-01-01
U1091,S1,1,1,1,User 91,First91,,Last91,user91@example.com,9999990091,123 Main St,,,Sample City,10001,Sample Location,2026-04-10 12:19,UTC,,Female,English,,,1,2026-04-10 12:19,LOCAL,1990-01-01
U1092,S1,1,1,1,User 92,First92,,Last92,user92@example.com,9999990092,123 Main St,,,Sample City,10001,Sample Location,2026-04-14 21:29,UTC,,Male,English,,,1,2026-04-14 21:29,LOCAL,1990-01-01
U1093,S1,1,1,1,User 93,First93,,Last93,user93@example.com,9999990093,123 Main St,,,Sample City,10001,Sample Location,2026-04-11 02:50,UTC,,Male,English,,,1,2026-04-11 02:50,LOCAL,1990-01-01
U1094,S1,1,1,1,User 94,First94,,Last94,user94@example.com,9999990094,123 Main St,,,Sample City,10001,Sample Location,2026-04-18 02:42,UTC,,Female,English,,,1,2026-04-18 02:42,LOCAL,1990-01-01
U1095,S1,1,1,1,User 95,First95,,Last95,user95@example.com,9999990095,123 Main St,,,Sample City,10001,Sample Location,2026-04-10 15:43,UTC,,Male,English,,,1,2026-04-10 15:43,LOCAL,1990-01-01
U1096,S1,1,1,1,User 96,First96,,Last96,user96@example.com,9999990096,123 Main St,,,Sample City,10001,Sample Location,2026-04-11 16:02,UTC,,Male,English,,,1,2026-04-11 16:02,LOCAL,1990-01-01
U1097,S1,1,1,1,User 97,First97,,Last97,user97@example.com,9999990097,123 Main St,,,Sample City,10001,Sample Location,2026-04-22 00:56,UTC,,Male,English,,,1,2026-04-22 00:56,LOCAL,1990-01-01
U1098,S1,1,1,1,User 98,First98,,Last98,user98@example.com,9999990098,123 Main St,,,Sample City,10001,Sample Location,2026-04-20 18:31,UTC,,Male,English,,,1,2026-04-20 18:31,LOCAL,1990-01-01
U1099,S1,1,1,1,User 99,First99,,Last99,user99@example.com,9999990099,123 Main St,,,Sample City,10001,Sample Location,2026-04-16 21:57,UTC,,Female,English,,,1,2026-04-16 21:57,LOCAL,1990-01-01
