volunteer_rating_id,user_id,request_id,rating,feedback,last_update_date
1,user_352,req_33,1,Next day far program south popular technology feel road tough peace.,2025-10-30 23:51:58
2,user_396,req_943,4,Gun put radio we crime safe south notice might.,2026-03-26 02:32:15
3,user_56,req_769,1,Want it physical myself door by history hear heavy try recent group human.,2026-05-01 21:41:25
4,user_317,req_837,2,General red evidence adult produce single follow page sing hundred race.,2025-07-21 08:19:42
5,user_454,req_149,5,Man sign war help PM sell expert of service PM sport animal ready.,2025-07-17 14:20:53
6,user_335,req_734,4,Election person perform show strategy piece scientist.,2026-02-13 16:23:57
7,user_282,req_48,4,Policy keep available mouth respond bill start.,2026-02-21 02:57:00
8,user_336,req_385,5,Author out when nation usually accept stage article.,2025-08-25 02:23:24
9,user_412,req_953,1,Yeah too deep major pressure long performance clearly deep successful.,2025-05-11 15:10:41
10,user_153,req_471,1,Beautiful white responsibility run better offer mouth continue image performance focus hard almost.,2025-05-07 03:43:23
11,user_415,req_894,1,Area always something executive social seem rich whole business agree.,2025-12-11 04:42:50
12,user_310,req_860,4,Exactly well bar exist travel experience father degree yet office cultural college financial.,2025-10-22 13:50:29
13,user_104,req_246,4,Political sister suffer pattern wind include above.,2025-11-19 18:57:13
14,user_180,req_354,2,Bag save newspaper minute ahead morning operation sea share.,2025-09-25 05:29:56
15,user_8,req_999,4,Step reflect fly middle effort court over turn.,2026-01-10 06:45:15
16,user_37,req_533,4,Stop along resource second our week reflect within remain.,2026-04-06 23:53:01
17,user_393,req_100,1,War fall area scientist throughout quality view.,2026-02-22 02:57:36
18,user_196,req_597,3,Skill that change issue fall grow nor executive left indicate laugh plan opportunity.,2025-06-24 21:52:37
19,user_70,req_916,5,Involve inside rather west together fact nature employee effect art ago way peace.,2025-07-09 03:05:57
20,user_27,req_765,2,Participant election would their specific sure leave newspaper small TV.,2026-01-06 12:40:07
21,user_114,req_645,3,Well across listen win early we friend list.,2026-04-04 19:54:44
22,user_29,req_220,1,Call sport brother director for push bank.,2025-09-06 21:26:47
23,user_119,req_124,1,Natural work condition sit radio provide across build make.,2025-05-23 02:13:29
24,user_250,req_53,5,Word history bag help nearly body.,2026-03-30 12:58:55
25,user_80,req_928,2,State approach country American drug too seat ok hear later marriage.,2026-03-12 12:15:27
26,user_354,req_317,1,Use foot fish room adult old wish.,2025-07-25 04:49:12
27,user_274,req_821,1,Final order not buy occur agreement early help its energy.,2025-07-17 23:23:30
28,user_418,req_565,1,Source true determine nearly organization model.,2026-03-17 01:47:40
29,user_335,req_904,3,Will crime choose determine she fly.,2026-01-20 22:21:44
30,user_429,req_212,4,Garden high should about media health admit.,2025-11-25 11:49:04
31,user_90,req_896,2,Country rather yourself benefit scene tree street how act central.,2026-03-20 22:46:52
32,user_425,req_61,2,Story color over be pattern book report over care Mr.,2026-03-21 11:33:55
33,user_392,req_868,3,Look road story above price ever catch.,2025-12-27 00:46:25
34,user_159,req_737,1,Because not light this ball week none phone Mr keep property.,2026-04-14 01:17:39
35,user_94,req_10,1,Yard score serve will go black strategy series along firm professional Mr.,2026-04-06 20:14:21
36,user_364,req_637,4,Final quickly question skin scene music but.,2025-11-07 12:55:47
37,user_60,req_910,3,Wear cost until program single nation no author.,2026-03-12 05:14:06
38,user_493,req_737,2,Choose thus partner federal type policy.,2025-07-12 17:30:37
39,user_385,req_99,4,Care wish pull state officer painting staff up lay also run hundred call.,2025-11-21 20:38:08
40,user_436,req_132,1,Toward five ahead manager movie prove cultural door news fine chair outside fire.,2025-10-14 05:47:59
41,user_374,req_371,3,Coach magazine unit couple strategy bring lot process political talk now magazine western.,2025-10-15 19:41:36
42,user_194,req_599,2,Film various civil church Republican according clearly product brother.,2025-09-27 17:20:52
43,user_256,req_115,3,Seek standard water some box usually.,2025-07-18 22:04:51
44,user_14,req_36,5,Bit down read note attention worry machine protect collection heart system ago them.,2025-05-07 06:57:35
45,user_234,req_878,3,Daughter white response purpose ask food.,2025-05-16 13:59:25
46,user_378,req_410,2,Daughter on everything leave special attack.,2025-09-28 07:34:48
47,user_160,req_468,3,Their yet else foot suffer education.,2025-07-20 10:37:17
48,user_159,req_284,4,Herself car name describe apply later.,2026-04-24 14:37:36
49,user_444,req_608,5,Really someone occur add just spring four good work participant involve almost medical.,2025-05-19 10:26:00
50,user_316,req_602,1,Popular type reach control business popular evidence draw long.,2025-09-21 13:22:12
51,user_170,req_435,5,Loss couple although necessary audience deal that Republican site collection floor conference.,2025-11-13 05:27:52
52,user_322,req_609,5,Writer manage clearly focus without however position.,2025-08-29 13:20:39
53,user_498,req_981,2,Admit maybe particular customer popular view pretty strategy bed more story more.,2025-11-25 00:32:04
54,user_468,req_384,3,Choice big seven have crime hot old.,2025-05-16 07:59:26
55,user_199,req_149,1,Already second book small note watch protect capital man.,2026-01-10 12:14:09
56,user_351,req_94,1,Act network onto prevent although between.,2026-01-03 04:07:26
57,user_25,req_516,2,Nature picture claim involve window wrong number beautiful argue garden wife remain part.,2026-02-03 10:12:41
58,user_23,req_167,1,Senior gun great truth wear candidate course chance give personal sign involve.,2025-11-08 15:22:24
59,user_420,req_839,1,Heavy second amount receive garden something across ten above Mr three best.,2026-03-01 05:14:24
60,user_48,req_867,3,Quality require lead official operation remember human attack money body nation fire.,2025-05-29 10:23:48
61,user_492,req_545,2,Provide cause individual total become discussion condition many war.,2025-11-26 00:36:32
62,user_405,req_718,3,Response rate describe visit business bit ago film development attention thought item first.,2026-04-30 17:34:01
63,user_433,req_610,4,Present husband treatment tell green worry approach need religious rise easy.,2026-03-16 07:30:03
64,user_313,req_44,4,Today system lot final walk purpose economic seat service.,2025-06-11 21:45:47
65,user_7,req_489,3,Enjoy according happen right most event evidence garden.,2026-03-17 09:18:53
66,user_253,req_204,4,Step plan executive million American from truth.,2025-10-06 20:37:45
67,user_479,req_110,3,Forward including garden bit same song product exist public main draw feeling.,2025-09-30 05:41:53
68,user_266,req_991,3,She agree major system camera national occur good set conference ask.,2026-01-25 01:40:27
69,user_432,req_530,4,Shake grow race each order least hair today force finish.,2026-02-24 06:58:40
70,user_6,req_152,4,Suffer either make be audience before agent foot.,2025-07-03 00:26:01
71,user_243,req_752,5,Tonight business stand strategy lead measure some impact far relationship.,2026-02-28 16:38:16
72,user_245,req_68,5,Mrs care project fight change game site.,2026-01-08 23:07:24
73,user_28,req_824,1,Whatever success say report rich best pretty kitchen.,2025-09-12 19:59:56
74,user_50,req_623,1,Have group teach gas life deal able and also.,2025-05-21 04:36:54
75,user_62,req_932,4,Coach piece above professional sell throughout listen be still guy fire real.,2025-09-26 15:35:40
76,user_132,req_61,2,Involve allow inside movie form environment senior total charge ok.,2026-04-19 17:20:49
77,user_118,req_618,5,Meet training some city our answer pay defense.,2025-12-21 19:15:51
78,user_388,req_848,3,Movement raise thing walk item better wear dark environmental fill.,2026-04-26 16:09:16
79,user_252,req_16,2,Purpose bar debate require man school top speak social oil all suddenly reach.,2025-05-28 15:46:37
80,user_373,req_782,2,Store stuff move produce address degree case development image.,2025-07-15 02:07:44
81,user_370,req_621,1,Indeed billion yard idea different training beat power imagine night act later computer.,2025-08-05 00:39:31
82,user_261,req_85,2,Always respond able event war risk save thus upon only over their family.,2026-02-12 23:51:07
83,user_54,req_580,1,Agency establish perhaps study economic total suddenly force behavior education.,2025-11-23 09:19:01
84,user_302,req_854,1,Want floor involve hour financial up check movie through.,2025-11-20 14:16:01
85,user_268,req_184,3,Quickly policy perform big Mr action seven team why back.,2026-02-20 19:06:23
86,user_222,req_986,4,Agency put president building least bring each certainly cut time blood.,2025-08-07 19:52:19
87,user_108,req_830,3,Those you local medical whole according away window true final.,2026-02-24 22:17:24
88,user_72,req_662,3,Do during film paper spring member cell understand wide analysis.,2026-01-28 08:00:57
89,user_249,req_525,3,Home series international allow go month because.,2025-09-10 16:29:42
90,user_86,req_772,2,Ten figure stand friend rock TV hard carry positive fire game magazine.,2026-02-20 06:52:22
91,user_197,req_527,2,Whether author your whose real store brother.,2025-08-17 01:42:11
92,user_283,req_969,4,Make analysis notice region account member sometimes spend early measure which call let.,2026-04-17 10:22:32
93,user_467,req_991,1,Series test open impact such respond than or.,2026-02-07 01:07:45
94,user_259,req_45,1,Data area door international car concern leader.,2025-12-26 16:52:11
95,user_63,req_426,1,Memory throw old TV serve company end development daughter.,2025-08-09 04:07:03
96,user_473,req_389,3,Six society statement crime myself idea claim hair must case hit.,2025-06-30 00:11:21
97,user_411,req_25,5,Difference something born participant away exactly however off rate language cause stock on.,2025-09-15 11:43:49
98,user_90,req_778,5,Miss safe south now for officer international bill personal should four.,2026-02-09 05:53:28
99,user_268,req_345,4,Treatment PM really dark student blue us responsibility growth across audience.,2025-10-09 06:40:51
100,user_172,req_604,2,Measure child energy worker chance address seek wish step policy.,2026-04-02 03:41:26
